{"aaa":1.6280999705004282,"aac":1.924140343375796,"aag":2.957527471700984,"aat":1.8147468620559544,"aca":1.6487567915531967,"acc":1.809476061268563,"acg":3.399284471193737,"act":1.7321102397095642,"aga":2.050648861760738,"agc":1.6118512955576074,"agg":2.2246274257197562,"agt":2.2009640344729986,"ata":1.6652912532334745,"atc":1.9758621795541242,"atg":2.8905255211611123,"att":1.758052687077256,"caa":1.624275424745982,"cac":1.9971301063922107,"cag":2.8663842751275967,"cat":1.7958619431759137,"cca":1.7369314228699815,"ccc":1.751009958173,"ccg":3.697162958885296,"cct":1.6179362677347209,"cga":1.683020122552004,"cgc":2.010206071150462,"cgg":2.3650628576133395,"cgt":2.0219592525761403,"cta":1.3367732341596095,"ctc":2.123824756468701,"ctg":2.9851553535067525,"ctt":2.0094710140586236,"gaa":1.563144749167281,"gac":2.122631619709835,"gag":2.3099349153664592,"gat":2.118475192055605,"gca":1.6742861105649114,"gcc":1.490283647503121,"gcg":4.1256511016615205,"gct":1.8706540148931448,"gga":1.485953988840223,"ggc":1.9718730074205568,"ggg":2.432022706327962,"ggt":2.3021528885197657,"gta":1.3146013103815701,"gtc":2.2640685763625767,"gtg":2.7597245358497053,"gtt":2.046163546018443,"taa":1.6970654668419232,"tac":2.111927016972322,"tag":2.5625884259818865,"tat":1.781018881165913,"tca":1.5489684872321816,"tcc":1.8337043216245092,"tcg":3.423787307014267,"tct":1.8134022094132038,"tga":1.4276242915147128,"tgc":2.2436871996996763,"tgg":2.2850342313482295,"tgt":2.2383339652054697,"tta":1.4869559158569865,"ttc":1.9276159327090527,"ttg":3.092876542629877,"ttt":1.9259557541128582}